French,English
je,I
de,of
est,is
pas,not
le,the
vous,you
la,the
tu,you
que,that
un,a
il,he
et,and
à,at
a,has
ne,not
les,them
ce,this
en,in
on,we
ça,that
une,a
ai,have
pour,for
des,of the
moi,me
qui,who
nous,we
y,Y
mais,but
me,me
dans,in
du,from
bien,good
elle,she
si,if
tout,everything
plus,more
non,Nope
mon,my 
suis,am
te,you
au,to
avec,with
va,go
oui,yes
toi,you
fait,do
ils,they
as,AS
être,be
faire,TO DO
se,se
comme,as
était,was
sur,on
quoi,what
ici,here
sais,know
lui,him
veux,want
ma,my
là,the
rien,nothing
dit,said
es,es
où,where
votre,your
pourquoi,why
sont,are
cette,this
quand,when
par,by
son,his
ton,your
peux,can
vais,go
dire,say
alors,then
comment,How? 'Or' What
avez,have
bon,Well
ou,Where
très,very
merci,thank you
ont,have
même,same
jamais,never
aussi,too
voir,see
chose,thing
allez,come on
tous,all
deux,of them
ces,these
faut,should
sa,her
êtes,are
été,summer
ta,your
fais,do 
avoir,have
peut,may
autre,other
m,M
encore,Again
maintenant,now
peu,little
mes,my
vraiment,really
temps,time
notre,our
toujours,still
vie,life
sans,without
juste,just
oh,Oh
avait,had
accord,OK
vu,seen
monde,world
quelque,some
fois,time
aller,go
trop,too
viens,come
crois,believe
dieu,god
dois,must
homme,man
père,dad
sûr,sure
aux,to
leur,their
avant,before
étais,is
besoin,need
femme,women
aime,love
personne,nobody
avais,had
chez,at the house of
vrai,true
ans,year
mal,wrong
ses,his
parler,talk
vos,your
après,after
mort,dead
veut,wanna
eu,eu
sera,will be
bonne,good
parce,by
mieux,better
petit,little
voilà,so
tes,your 
ca,that
dis,say
beaucoup,a lot
depuis,from
doit,must
vois,see 
mère,mother
vas,go
monsieur,sir
quel,what
déjà,already
fille,daughter
gens,people
donc,so
jour,day
soir,evening
autres,others
ii,II
toute,all
bonjour,hello
ll,ll
maison,home
nom,name
argent,silver
nos,our
ouais,yeah
pense,think
merde,shit
nuit,night
papa,father
cela,that
salut,Hello
cet,this
avons,have
reste,rest
désolé,sorry
maman,mom
peur,fear
arrive,arrived
seul,only
vite,quick
prendre,take
regarde,looked
air,air
soit,that is
trois,three
quelle,what
passé,past
savoir,to know
plaît,jail
choses,things
moins,less
fils,son
entre,Between
bas,down
appelle,call
passe,pass
ah,ah
tête,head
demain,tomorrow
grand,big
arrête,stopped
faites,done
voulez,want
hé,Hey
attends,hold on
hein,eh
enfants,children
assez,enough
raison,raison
aurais,would have
voulais,wanted
elles,they
parle,speak
ok,OK
jours,days
dû,from
moment,moment
heure,hour
puis,then
gars,guys
hommes,men
amour,love
tard,late
toutes,all
sommes,are
tuer,kill
eh,eh
ami,friend
connais,know
petite,small
aider,to help
chance,chance
savez,know
partir,leave
sait,knows
combien,How many
voiture,car
tant,so much
pris,taken
part,go
problème,problem
prends,take
porte,gate
coup,cut
serait,would be
venir,come
hui,hui
famille,family
travail,work
pu,could
seule,only
sens,meaning
ni,neither
allons,lets go
revoir,see again
idée,idea
putain,whore
passer,pass
contre,versus
comprends,understand
entendu,understood
trouvé,found
trouver,to find
vieux,old
vient,come
pendant,during
aurait,would have
quelques,some 
attention,Warning
demande,request
chercher,look for
sous,under
voici,here is
pourrait,could
sang,blood
pouvez,can
sortir,go out
question,question
histoire,story
amis,friends
venez,come
frère,brother
rester,stay
fini,finished
ville,town
nouveau,new
truc,thing
tiens,here
mois,month
eux,them
mec,dude
yeux,eyes
laisse,leave alone
super,Great
belle,beautiful
longtemps,long time
police,police
eau,water
heures,hours
car,because
importe,imported
cas,case
vont,are going
chaque,each
terre,earth
place,square
tué,kill
type,kind
main,hand
pardon,sorry
ensemble,together
seulement,only
guerre,war
beau,beautiful
vers,towards
mme,Mrs
prie,pray
devant,before
trouve,find
partie,part
suite,after
compris,understood
matin,morning
leurs,their
aucun,none
arrivé,come
dessus,above
chérie,dear
mettre,put
aide,assistance
étaient,were
ie,ie
perdu,lost
fin,end
sois,be
premier,first
genre,gender
aimerais,would like to
droit,right
donne,given
attendez,wait
jeune,young
feu,fire
devrais,should
enfant,child
chambre,bedroom
gros,big
côté,side
venu,came
loin,far
laisser,let
donner,give
jouer,to play
savais,knew
compte,account
s,s
parlé,speak
minutes,minutes
regardez,look
train,train
première,first
pouvoir,power
aura,will have
mourir,die
dernière,last
donné,given
ia,IA
mari,husband
écoute,listen
enfin,finally
devrait,should
mis,put
film,film
aucune,none
fort,strong
façon,way
pays,country
prêt,ready
madame,madam
femmes,women
affaire,affair
pourrais,could
espère,hope
parti,left
h,h
boulot,gig
endroit,place
fou,mad
corps,body
hier,yesterday
dont,whose
désolée,sorry
grande,big
point,point
cinq,five
dehors,out
filles,girls
cause,cause
vivre,live
près,close
pensais,thought
garçon,boy
chef,chief
haut,high
capitaine,captain
dirait,would say
bébé,baby
celui,the one
demandé,demand
possible,possible
mains,hands
ainsi,Thus
quatre,four
nouvelle,news
années,years
plein,full
semaine,week
dites,say
croire,to believe
marche,walking
tour,round
école,school
manger,to eat
plutôt,instead
docteur,doctor
ceux,those
vérité,truth
vue,seen
arrêter,Stop
essaie,try
envie,urge
bientôt,soon
instant,moment
dernier,last
affaires,business
arriver,to arrive
demander,ask
meilleur,better
font,make
derrière,behind
c,vs
dollars,dollars
presque,almost
dr,DR
tellement,so much
tomber,to fall
journée,daytime
voulait,wanted to
appeler,to call
bureau,desk
confiance,trust
garde,keep
attendre,expect
numéro,number
serai,will be
dur,hard
á,has
souviens,remember
o,o
voyez,see
cours,Classes
bonsoir,good evening
route,road
fera,will
prend,take
cul,ass
abord,on board
important,important
peine,sadness
croyais,believed
mot,word
devez,must
suffit,enough
minute,minute
ferme,closed
ben,ben
plaisir,pleasure
chien,dog 
jeu,Game
seigneur,lord
messieurs,gentlemen
calme,calm
voudrais,would like
heureux,happy
prenez,take
mariage,wedding
voit,sees
parents,parents
lls,lls
dedans,inside
entrer,walk in
lit,bed
parfait,perfect
fous,crazy
mlle,Ms
rentrer,to return
ait,has
musique,music
arrêtez,Stop
autant,as much
service,service
reviens,come back
ceci,this
drôle,funny
attend,waits
parfois,sometimes
téléphone,telephone
retour,return
ira,will go
e,e
pauvre,poor
verre,glass
général,general
new,new
six,six
pensé,think
l,I
impossible,impossible
fête,Party
adore,adore
coeur,heart
aimes,love
ci,this
ferai,will do
président,President
doute,doubt
facile,easy
entends,hear
payer,pay
appelé,called
prison,jail
john,john
sors,go outside
café,coffee
vaut,worth
mauvais,Wrong
chéri,Dear
oublié,forgot
bras,arms
i,I
gentil,kindly
faute,mistake
équipe,crew
exactement,exactly
cœur,heart
penser,think
changer,to change
commence,begin
lieu,venue
entendre,To hear
ies,ies
roi,King
plan,plan
partout,everywhere
joue,play
cher,dear
morts,dead
rendre,to return
écrit,writing
travailler,work
malade,sick
sinon,otherwise
génial,great
regarder,to look at
veulent,want
montrer,to show
rentre,go home
travaille,work
armée,army
voulu,desired
cherche,look for
état,state
boire,to drink
sécurité,security
dès,of the
esprit,spirit
année,year
dix,ten
york,york
laissé,leave alone
bois,wood
mets,put
propre,own
soyez,be
jack,jack
essayer,try
faisait,did
tôt,early
surtout,above all
arme,armed
t,t
rêve,dream
perdre,to lose
avis,notice
semble,seems
pire,worse 
simple,simple
penses,thinking
parles,speak
paix,peace
livre,book
dormir,sleep
voyons,let's see
difficile,hard
retard,delay
allait,was going to
d,d
sujet,topic
appris,learned
ensuite,afterwards
sauf,except
maître,master
morte,dead
noir,black
or,gold
dîner,having dinner
choix,choice
serais,would be
écoute,listen
sale,dirty
étiez,have been
sûrement,surely
an,year
ordre,order
souvent,often
essayé,tried
peuvent,can
visage,face
bout,end 
changé,exchange
sérieux,serious
inquiète,worry
âge,age
photo,Photo
rue,street
tirer,pull
comprendre,to understand
face,face
semaines,weeks
marché,market
questions,Questions
honneur,honor
ciel,sky
allé,go
garder,To keep
chemin,path
grave,severe
gauche,left
petits,small
courant,running
amie,friend
nouvelles,new
avion,plane
con,stupid
content,happy
force,strength
millions,millions
oublie,forget
devoir,to have to
prochaine,next
prix,price
propos,about
bateau,boat
bouge,move
voix,voice
rouge,red
restez,Stay
celle,that
pouvais,could
personnes,people
ferais,would do
début,beginning
espèce,species
gueule,mouth
acheter,to buy
continue,keep on going
sort,spell
faim,hunger
long,long
j,J
voyage,travel
message,message
sorte,sort
reçu,received
bienvenue,welcome
idiot,idiot
certains,some
hôpital,hospital
promis,promised
devenir,become
ouvre,open
grâce,grace
sûre,safe
problèmes,problems
armes,weapons
trucs,stuff
camp,camp
allais,alla
occupe,to keep busy
devait,had to
manque,lack
connaissez,know
thé,tea
avaient,had
cheveux,hair
soleil,Sun
salle,Hall
gagner,to win
laissez,leave
erreur,mistake
cru,believed
pars,go
bizarre,weird
croyez,believe
sac,bag
hôtel,hotel
oncle,uncle
pièce,room
pouvait,could
fond,bottom
soirée,evening
secret,secret
patron,boss
rapport,report
apprendre,learn
commencé,started
sauver,save
seconde,second
pensez,think
allô,hi
ailleurs,somewhere else
agent,agent
froid,cold
seras,will be
pied,foot
jolie,pretty one
revenir,come back
scène,stage
pieds,feet
n,not
devons,owe
groupe,band
carte,map 
aurai,will have
effet,effect
neuf,new
fallait,had to
monte,mounted
battre,to beat
noël,Xmas
venue,come
mots,words
tire,drawn
droite,right
libre,free
soeur,sister
situation,situation
seront,will be
faux,fake
bordel,mess
foutre,cum
lumière,light
euh,uh
incroyable,unbelievable
tue,kill
joli,attractive
connaît,know
debout,upright
colonel,colonel
cheval,horse
écoutez,Listen
george,George
joe,joe
vieille,old
entrez,Come in
intérieur,interior
coin,corner
auras,auras
gagné,won
fric,money
loi,law
absolument,absolutely
dame,lady
cool,cool
magnifique,gorgeous
dos,back
occuper,to occupy
présent,here
retrouver,to regain
réussi,successful
frank,Frank
rencontrer,to encounter
aviez,had
meilleure,best
âme,soul
prêts,loans
doucement,gently
table,table
lettre,letter
rappelle,remember
sam,sat
fut,was
risque,risk
ordres,orders
appel,call
commencer,begin
terminé,ended
agit,act
blanc,White
sœur,sister
pareil,the same
charlie,charlie
chaud,hot
finir,finish
touche,touches 
avance,advance
ignore,ignore
meurtre,murder
tranquille,calm
anniversaire,anniversary
déjeuner,lunch
disais,said
bord,edge
tom,Tom
jeunes,youth
accident,accident
parlez,speak
fasse,do
complètement,completely
déteste,hated
clair,light
marcher,walk
disait,said
mauvaise,bad
envoyé,sent
â,has
professeur,teacher
heureuse,happy
doivent,must
midi,midday
lire,read
moyen,medium
ferait,would do
commandant,commanding officer
vraie,real
sept,seven
forme,form
tombe,falls
silence,silence
sortez,get out
connaître,to know
puisse,may
cadeau,present
flics,cops
mer,sea
médecin,doctor
exact,exact
décidé,decided
moitié,half
surprise,surprise
avocat,lawyer
montre,show
b,B
su,su
porter,carry
télé,TV
vivant,living
jure,sworn
disent,say
mr,MR
serez,will be
devriez,should
devenu,became
aimé,like
diable,devil
ligne,line
mission,assignment
suppose,Assumed
chacun,each
autour,around
pote,pal
grosse,big
expliquer,explain
arrivée,arrival
monter,ascend
balle,ball
selon,according
photos,Pictures
contrôle,control
prête,ready
anglais,English
sorti,got out
k,k
bons,good
disparu,faded away
tenir,hold
simplement,merely
quitter,leave
envoie,send
paul,Paul
aimer,to like
voie,way
paris,Paris
classe,class
huit,eight
offre,offer
poste,job
dangereux,dangerous
attaque,offensive
impression,impression
folle,crazy woman
michael,Michael
mange,eat
bravo,well done
arrière,back
amérique,America
suivre,follow
aille,wing
oublier,to forget
peuple,people
baiser,kiss
rencontré,meet
honte,shame
connard,asshole
trou,hole
retourner,flip
chanson,song
change,exchange
arrêté,stopped
enfer,hell 
écrire,to write
livres,books
habitude,habit
réponse,answer
david,david
lieutenant,lieutenant
savait,knew
radio,radio
tenez,hold
bande,bandaged
bob,bob
rend,renders
compagnie,company
connu,known
secours,rescue
danse,dance
met,put
vol,flight
vit,lives
conneries,bullshit
aurez,will have
imagine,conceived
boîte,box
joué,play
triste,sad
sud,south
lu,read
tel,Phone
merveilleux,marvellous
pute,whore
aie,Ouch
ressemble,looks like
coucher,to sleep
ennuis,troubles
volé,Fly
sortie,exit
devais,had to
combat,fight
bouche,stuffy
certain,certain
visite,visit
existe,exist
bête,stupid
retourne,return
approche,approach
pourtant,yet
plusieurs,various
rire,laugh
but,aim
sergent,sergeant
public,audience
système,system
présente,present
dirai,will say
faudra,will have to
écouter,to listen
hors,except
exemple,example
vendre,sale
continuer,Continue
coups,strokes
pourra,may
sympa,nice
nord,north
cuisine,kitchen
époque,era
grands,tidy
héros,hero
étrange,odd
avenir,coming
danger,danger
envoyer,send
gouvernement,government
danser,to dance
lune,moon
etre,to be=
poser,to pose
partez,set off
normal,normal
peau,skin
santé,health
ecoutez,Listen
ouvrir,open
nez,nose
secondes,seconds
amoureux,lover
dommage,shame
pleine,full
mille,thousand
banque,bank
voler,steal
clé,key
bonnes,good
paraît,appears
servir,to serve
journal,log
village,town
tient,is holding
flic,cop
salaud,bastard
juge,judge
tiré,drawn
cour,court
assis,sat
bruit,noise
terrible,terrible
prochain,next
inspecteur,inspector
liberté,freedom
blague,joke
robe,dress
crime,crime
bière,beer
tas,pile
viennent,are coming
don,Don
reine,queen
protéger,protect
seuls,only
préfère,favorite
bar,bar
dingue,crazy
vent,wind
pitié,pity
croit,believes
payé,paid
travers,through
club,club
garçons,boys
conseil,advice
mesdames,ladies
sol,floor
bonheur,happiness
rêves,dreams
centre,center
thé,tea
mêmes,same
avions,planes
mike,mike
nulle,nothing
stupide,dumb
pouvons,can
vin,wine
tante,aunt
sent,feel
fiche,form
milieu,environment
signe,sign
unis,United
appelez,call
départ,departure
inutile,useless
emmener,to take
comprenez,understand
liste,listing
gamin,kid
johnny,johnny
hey,hey
prise,socket
savent,know
différent,different
verra,will see
probablement,most likely
intérêt,interest
choisi,selected
parole,word
ennemi,enemy
vêtements,clothes
aimez,like
recherche,research
société,society
faisais,do
peter,to fart
œil,eye
soin,care
chère,Dear
tourne,turned
ià,ià
descendre,to come down
félicitations,congratulations
pose,laid
position,position
oeil,eye
vouloir,want to
mecs,guys
irai,go
spectacle,spectacle
acheté,bought
laquelle,which
rôle,role
intéresse,interested
utiliser,utilize
match,match
devient,bECOMES
quitté,quits
asseoir,Sit
environ,about
plait,beating
mur,wall
blessé,hurt
mise,putting
harry,harry
you,you
beauté,beauty
salope,slut
parie,bett
sert,serve
soldats,soldiers
films,movies
américain,American
marier,marry
entrée,hall
soldat,soldier
ouvert,open
sauter,skip
londres,London
eiie,eiie
lequel,which
lâche,cowardly
église,church
pierre,Pierre
art,art
fenêtre,window
humain,human
tort,wrong
cerveau,brain
coupable,guilty
petites,small
promets,promotion
adresse,address
prince,prince
quartier,piece
espoir,hope
conduire,conduct
auriez,would have
ridicule,ridiculous
justice,justice
rose,pink
venus,Venus
max,max
jimmy,jimmy
presse,hurry
adieu,goodbye
revient,come back
expérience,experience
présenter,to present
tombé,falls
faisons,let's do
épouser,marry
frères,brothers
veuillez,please
revenu,revenue
colère,anger
bill,bill
vis,screw
james,james
pourriez,could
jim,jim
intéressant,interesting
ouvrez,open
nature,nature
gosse,kid
taxi,Taxi
fier,proud
preuve,evidence
riche,rich
faudrait,should
base,base
fleurs,flowers
vide,empty
portes,doors
mademoiselle,miss 
formidable,tremendous
nul,bad
directeur,director
chanter,to sing
contact,contact
histoires,stories
marié,married
défense,defense
répondre,answer
excuse,excuse
responsable,responsible
deuxième,second
mary,mary
san,San
appartement,apartment
décision,decision
cinéma,movie theater
jeter,to throw
aimais,loved
cacher,to hide
glace,ice
occasion,opportunity
dents,teeth
vacances,holidays
course,race
ravi,delighted
tueur,killer
sentir,feel
courage,courage
jésus,Jesus
allée,aisle
capable,able
essayez,try
sauvé,Safe
longue,long
parmi,among
continuez,continue
paie,pay
superbe,stunning
français,French
souvenir,memory
ouest,west
dégage,clear
jambes,legs
coupe,chopped off
immédiatement,immediately
machine,machine
épouse,spouse
telle,such
marie,married
mien,mine
pius,pius
certainement,definitely
bombe,bomb
types,types
p,p
né,born
manière,way
gagne,won
prévu,intended
chier,take a dump
trouves,found
u,U
idées,ideas
touché,hit
rendu,rendering
monstre,freak
km,km
retrouve,find
ha,Ha
f,F
importance,importance
joie,joy
dérange,disturbs
arrivent,arrive
court,short
pont,bridge
foutu,fucked up
bain,bath
oubliez,forget
tourner,turn
contente,satisfied
attendais,expected
cent,hundred
enchanté,Nice To Meet You
signifie,means
américains,American
iis,iis
quitte,quits
poisson,fish
henry,Henry
ayez,have
terrain,ground
enquête,investigation
horrible,horrible
chat,cat
certaines,some
r,R
camion,truck
copine,friend
joyeux,joyful
shérif,sheriff
ramener,to bring back
descends,go down
éviter,to avoid
projet,project
and,and
dossier,case
respect,respect
excellent,excellent
envers,towards
mariée,bride
occupé,busy
lorsque,when
blanche,white
majesté,majesty
rencontre,meet
toucher,to touch
ange,angel
refuse,denied
charge,charge
billy,billy
chevaux,horses
v,V
chiens,dogs
empêcher,to prevent
dure,hard
zone,area
faits,facts
animaux,animals
meilleurs,best
plupart,mostly
emmène,take
étions,were
politique,Politics
chaussures,shoes
langue,language
mangé,eat
douleur,pain
planète,planet
offrir,to offer
règles,rules
drogue,dope
réalité,reality
bus,bus
enfoiré,Motherfucker
dirais,would say
permis,permit
vécu,lived
chapeau,hat
île,island
réunion,meeting
soient,are
contraire,opposite
tony,tony
mettez,put
nick,nick
arrivera,to arrive at
excuser,excuse
code,coded
couleur,color
rapide,fast
raconte,recount
papier,paper
discuter,discuss
opération,operation
cartes,cards
nourriture,food
entier,entire
nécessaire,necessary
frais,costs
toilettes,bathroom
spécial,special
vaisseau,vessel
action,stock
princesse,princess
magasin,store
copain,buddy
sache,beam
bu,drank
steve,steve
découvert,discovered
pain,bread
mignon,cute
taille,cut
sacré,sacred
rends,renders
eddie,Eddie
double,double
viendra,will come
imbécile,imbecile
essaye,try
champ,field
personnel,personal
client,customer
lait,milk
contrat,contract
partis,gone
sexe,sex
mienne,mine
repas,meal
mémoire,memory
destin,fate
direction,direction
dors,sleep
faite,done 
pleurer,cry
couteau,knife
malin,clever
remettre,to put back
ray,ray
témoin,witness
restes,remains
mètres,meters
trésor,treasure
gosses,kids
aiment,like
washington,Washington
habite,reside
foi,faith
puisque,since
apporté,brought
solution,solution
trouvez,Find
nouveaux,new
réfléchir,reflect
choisir,Choose
goût,taste
remercie,thanks
détruire,destroy
université,university
doux,soft
beaux,beautiful
raconter,to tell about
vitesse,speed
menti,lies
três,very
procès,court case
enceinte,pregnant
amuser,amuse
niveau,level
vus,sees
miss,miss
fermer,close
arranger,arrange
end,ending
clients,clients
rappeler,recall
Alex,Alex
failli,falling
arbre,tree
papiers,papers
Sarah,Sarah
mérite,deserved
différence,difference
travaillé,work
disons,let's say
bleu,blue
dise,say
aimait,loved
appelles,calls
espace,space
caméra,camera
censé,supposed
qu,that
piste,track
sourire,smile
courir,to run
accepter,accept
retrouvé,found
charles,Charles
jambe,leg
angleterre,England
quels,What
préparer,to prepare
marre,fed up
forces,strengths
tirez,PULL
énorme,huge
Danny,Danny
trés,very
invité,guest
rentré,go home
officier,officer
pièces,rooms
lettres,letters
file,line
programme,program
tommy,Tommy
arrêt,stop
fout,cum
balles,bullets
flingue,gun
chasse,hunt
regrette,regret
to,to
propres,clean
victime,victim
appartient,belongs
france,France
unique,unique
régler,adjust
moindre,lesser
compter,count
voitures,cars
énergie,energy
fil,thread
lycée,high school
crise,crisis
stop,stop
image,image
vérifier,check
dimanche,sunday
appareil,device
justement,exactly
richard,richard
noms,nouns
million,million
cassé,broken
enlever,to remove
clés,keys
noire,black
man,man
dépend,depends
derniers,last
doigts,fingers
réponds,answer
honnête,honest
prouver,prove
preuves,evidence
durant,during
souris,mouse
entendez,hear
lever,lift
oiseau,bird
belles,beautiful
oû,Where
apporte,brought
grandes,large
morceau,piece
bobby,bobby
bougez,move
amène,bring
interdit,prohibited
présence,presence
récupérer,retrieve
quelles,what
manqué,lack
cou,neck
venait,came
étage,stage
regard,glance
bouger,to move
finalement,ultimately
couper,to cut
urgence,emergency
perds,losers
points,points
meurt,dies
partons,Let's go
troisième,third
savons,soaps
folie,madness
ancien,ancient
chante,sung
obtenir,obtain
répète,say again
toit,roof
humains,humans
robert,Robert
jardin,garden
métier,job
poche,poached
méchant,nasty
paradis,heaven
proche,close
rejoindre,rejoin
lors,during
nombre,number
crains,fearful
règle,rule
frapper,to hit
intention,intention
succès,hit
forte,strong
gentille,gentle
campagne,country
raisons,reasons
malgré,despite
alcool,alcohol
regardé,look at
jerry,jerry
billets,tickets
fantastique,fantastic
lee,lee
théâtre,theater
vôtre,your
samedi,Saturday
pluie,rain
fermé,firm
relation,relationship
frappé,struck
restaurant,restaurant
douce,gentle
maladie,sickness
parlait,was talking
raté,missed
casse,broken
dessous,under
pourrai,could
victoire,victoire
voudrait,would like
remarqué,noticed
assurer,to assure
pleure,cry
bouteille,bottle
gare,station
carrière,career
sentiments,feelings
suivi,followed
vies,lives
fiston,son
vendu,sold
attendant,waiting
pourras,can
amoureuse,in love
mens,mens
falloir,to need
chinois,Chinese
étranger,foreign
appelait,called
assure,insure
étant,being
queue,tail
odeur,odour
enlève,remove
produit,product
meurs,die
secrets,secrets
pression,pressure
fatigué,tiredness
aies,aies
plage,beach
okay,Okay
animal,animal
frappe,struck
montagne,Mountain
coffre,chest
passage,passage
suivant,next
signal,signal
discours,speech
cents,cents
claire,clear
g,g
rivière,river
costume,suit
prendra,will take
souhaite,wish
hasard,chance
journaux,newspapers
aveugle,blind
lis,Lily
demandez,Ask
retraite,retirement
afin,in order to
vendredi,Friday
van,van
auraient,would have
obligé,obligatory
major,major
neige,snow
remercier,thank
fusil,musket
gardes,guards
faible,weak
pauvres,poor
noirs,black
gâteau,cake
cesse,stop
parfaitement,perfectly
excuses,apologies
viande,meat
ministre,minister
univers,universe
vienne,Vienna
utile,useful
demandais,asked
crétin,dumbass
gaffe,blunder
cache,hidden
disant,saying
décider,decide
dort,sleep
gaz,gas
blancs,whites
connaissance,knowledge
vouliez,wanted
jake,jake
vidéo,video
bataille,battle
vive,long -lived
anna,Anna
martin,Martin
iui,Iui
os,bone
entend,hears
jeux,games
will,will
verras,will see
date,date
échapper,escape
naissance,birth
droits,rights
assassin,assassin
attendu,expected
montez,go up
nouvel,new
pensent,think
génie,genius
sérieusement,seriously
cible,target
prépare,prepared
agir,to act
militaire,military
futur,future
attraper,to catch
bal,ball
europe,Europe
californie,California
donnez,give
cousin,cousin
vert,green
poids,weight
volonté,will
ventre,belly
accepte,accepted
amené,bring
recevoir,receive
inquiétez,worry
perd,lose
autrement,other
informations,information
titre,title
célèbre,famous
couple,couple
sexy,sexy
serons,will be
certaine,certain
parlons,let's talk
star,star
étoiles,stars
rome,Rome
los,the bone
répondu,answered
resté,rest
charmant,charming
puissant,powerful
zéro,zero
genoux,knees
mine,mine
couilles,balls
pilote,pilot
maria,Maria
style,style
ramène,brings back
voulons,want to
embrasser,embrace
amener,to bring
valeur,value
fortune,fortune
reprendre,to resume
revenez,come back
vieil,old
walter,Walter
servi,served
arrivés,arrived
lève,survey
voleur,thief
côtés,sides
chris,Chris
note,note
préféré,prefer
couché,lying
milliers,thousands
aéroport,airport
prévenir,prevent
château,castle
apparemment,apparently
gardez,Keep
privé,private
détails,details
larry,Larry
direct,direct
reposer,to rest
commande,ordered
cherchez,look
fer,iron
conduit,conduit
conscience,awareness
oreilles,ears
conversation,conversation
regardes,look
joues,play
ennemis,enemies
attendent,wait
article,article
dieux,gods
talent,talent
aise,easy
poulet,chicken
passée,past
comprend,understand
gorge,throat
feras,do
tribunal,court
découvrir,discover
agréable,pleasant
jette,throw
test,test
emmerde,foul
détruit,destroy
nerveux,nervous
saint,Holy
marrant,funny
joindre,join
sentiment,feeling
lance,spear
humaine,human
acte,deed
jane,jane
pis,worse
enculé,fucked
tuée,killed
saura,will know
doigt,finger
pourrez,can
passera,will pass
horreur,horror
comptes,accounts
dernières,latest
violence,violence
fumer,to smoke
invités,guests
parlais,gauge
job,job
salon,living room
défendre,defend
mariés,married
rock,rock
apporter,to bring
coupé,cut
repos,rest
paquet,pack
page,page
utilise,used
victimes,victims
sage,wise
aidé,assistance
intelligent,clever
ombre,shadow
vache,cow
désert,desert
forêt,forest
parfaite,perfect
tombée,fall
extérieur,outside
entré,Between
série,series
concerne,concerned
paroles,lyrics
dira,will say
it,it
champion,champion
fbi,FBI
lundi,Monday
moteur,engine
ouverte,opened
mince,thin
al,Al
russe,Russian
grandi,grown up
rappelles,recall
dormi,sleep
ordinateur,computer
in,in
angeles,Angeles
accepté,accepted
désormais,from now on
acteur,actor
membres,members
trouvée,found
pete,pete
surpris,surprised
miracle,miracle
vole,Fly
manquer,to lack
franchement,frankly
apprécie,appreciate
cigarette,cigarette
chemise,shirt
mark,mark
tente,attempted
faisant,doing
billet,ticket
reculez,retreat
moyens,means
importante,important
unité,unity
champagne,Champagne
pensait,thought
www,www
partager,to share
smith,smith
minuit,midnight
américaine,American
courses,races
puissance,Powerful
william,William
nombreux,numerous
réparer,to fix
caché,hidden
haute,high
sommeil,sleep
essence,essence
riches,rich
lac,lake
maire,mayor
mode,fashion
vingt,twenty
reviendra,will come back
pousse,growth
amusant,fun
passez,pass
services,services
doc,doc
rues,streets
of,of
risques,risks
émission,emission
leçon,lesson
annonce,announcement
plans,plans
usine,factory
louis,Louis
imaginer,to imagine
chauffeur,driver
marque,Mark
parc,Park
épée,sword
fesses,buttocks
échange,exchange
souvenirs,memories
créer,create
senti,felt
signer,sign
artiste,artist
jeté,thrown
réveiller,wake
hiver,winter
également,also
hum,hum
souffle,breath
vrais,real
arbres,trees
saute,jumped up
fuir,to run away
meme,same
battu,beaten
permission,permission
casser,to break
chicago,Chicago
allemands,Germans
utilisé,used
mentir,lie
souci,worry
é,e
coûte,cost
paye,paid
tres,very
offert,Free
sir,sir
no,no
chair,flesh
caisse,box
supplie,supplore
dégagez,release
raconté,told
andy,Andy
lunettes,eyeglasses
chouette,owl
menteur,liar
trouvera,will find
semblant,semblance
ignorais,ignorant
perdue,lost
whisky,whiskey
rentrez,come back
premiers,first
pantalon,trousers
menace,threatens
racontes,tells
douche,shower
oiseaux,birds
finie,finish
auront,will have
débarrasser,rid
membre,member
perte,loss
verrez,will see
front,forehead
lèvres,lips
mai,may
fac,college
allo,hi
connaissais,knew
gouverneur,governor
monnaie,change
chou,cabbage
achète,bought
thomas,Thomas
secrétaire,secretary
montré,show
jones,jones
écris,wrote
parlent,talk
chaise,chair
herbe,grass
créé,created
manteau,coat
chocolat,chocolate
pause,pause
côte,coast
abandonner,to abandon
policier,policeman
patient,patient
dave,dave
études,studies
ballon,ball 
mène,led
respire,breath
mouvement,movement
suicide,suicide
japonais,Japanese
accès,access
tienne,yours
laisserai,will leave
poupée,doll
innocent,innocent
allés,alleys
identité,identify
véritable,true
simon,Simon
devenue,become
totalement,totally
piège,trap
gloire,glory
pourraient,could
abri,shelter
explique,Explain
rapidement,rapidly
fonctionne,works
boy,boy
foule,crowd
pensées,thoughts
maisons,houses
fantôme,phantom
source,source
lancer,throw
suit,follows
changement,change
choc,shock
veste,jacket
attaquer,tackle
faveur,favor
oreille,ear
touchez,touch
malheureusement,Sadly
soudain,suddenly
tués,you are
bref,Short
malheur,misfortune
portable,portable
chaleur,heat
mensonge,lying
répondez,answer
heureusement,fortunately
emploi,use
lois,laws
nettoyer,to clean
attrape,caught
geste,gesture
verrai,will see
notes,notes
plat,dish
etait,was
corde,string
sacrée,sacred
cherches,looking for
siècle,century
etat,state
distance,distance
refusé,refuse
mars,march
saison,season
bel,beautiful
monté,mounted
idiote,idiot
recherches,research
alerte,alert
ennuie,bored
christ,Christ
remonte,traced back
plaisante,pleasant
city,City
bat,bat
images,images
voulaient,wanted
titres,securities
alice,Alice
couverture,cover
moments,moments
big,big
mesure,measure
atteindre,reach
singe,monkey
pistolet,gun
frontière,border
réel,real
réfléchi,reflexive
somme,sum
agents,agents
ours,bear
prisonniers,prisoners
évidemment,obviously
afrique,Africa
allemand,German
dan,dan
couche,layer
relations,relations
texas,Texas
delà,of the
celles,those
navire,vessel
deviens,become
bite,cock
laisses,leave
dirige,directed
partenaire,partner
aube,dawn
demi,half
affreux,awful
camarade,comrade
street,street
inquiéter,worry
tableau,picture
fatiguée,tired
entreprise,company
demandes,requests
nana,girl
re,D
coincé,stuck
tenu,tenuous
viré,fired
suspect,suspicious
reconnais,recognize
ressens,feeling
juif,Jewish
directement,directly
mexique,Mexico
cherché,look for
marine,Marine
prisonnier,prisoner
finit,finished
howard,Howard
étoile,star
jean,Jeans
convaincre,convince
filer,spin
kevin,kevin
bosse,bump
pousser,to push 
protection,protection
signé,sign
crier,yell
rêvé,dream
respirer,to breathe
propriétaire,owner
prêtre,priest
donnes,gate
taire,to hush up
permettre,allow
prudent,careful
carl,carl
commis,clerk
chaîne,chain
copains,friends
sec,dry
cauchemar,nightmare
laver,wash
hollywood,Hollywood
jeff,Jeff
réfléchis,reflected
trompe,deceived
hais,haz
immeuble,building
supporter,support
soi,self
bagages,luggage
tir,shot
traverser,to cross
commissaire,commissioner
mac,mac
donnerai,will give
reviendrai,will come back
larmes,tears
déranger,to bother
Arthur,Arthur
pigé,pig
réserve,Reserve
adam,Adam
volant,flying
uniforme,uniform
st,st
croient,believe
différents,different
souffrir,suffer
maudit,damn
valise,suitcase
prendrai,will take
assurance,insurance
abandonné,abandoned
dames,ladies
lendemain,the following day
navré,heartbroken
prennent,takes
sénateur,senator
roule,rolled
montagnes,mountains
lapin,rabbit
juifs,Jews
amuse,amused
espérais,hoped
fleur,flower
merveilleuse,marvelous
tournée,tour
scott,scott
information,information
foyer,foyer
tourné,turned
personnage,character
permettez,Allow
amitié,friendship
hâte,hurry
opinion,opinion
curieux,curious
concert,concert
enfance,childhood
extraordinaire,extraordinary
davantage,any further
saviez,knew
chargé,charged
porc,pork
recommence,start again
chèque,check
piano,piano
jouez,play
océan,ocean
ayant,having
go,Go
pattes,paws
ravie,tight
trace,trace
réveillé,wake up
miles,miles
soupe,soup
sucre,sugar
écoutes,listen
vierge,virgin
mauvaises,bad
objet,object
adorable,adorable
chine,China
sonne,sound
envoyez,send
réputation,reputation
kate,kate
sport,sport
brave,brave
lieux,premises
brûle,burn
russes,Russian
murs,walls
second,second
etes,are
facilement,easily
troupes,troops
titrage,titration
canon,cannon
bague,Ring
bâtiment,building
seraient,would be
cellule,cell
Susan,Susan
survivre,to survive
trouverai,will find
printemps,spring
voisins,neighbors
nuits,nights
chances,odds
contrôler,control
compliqué,complicated
voyais,saw
retirer,remove
ancienne,Ancient
théorie,theory
avancez,Advance
studio,studio
exploser,explode
explosion,blast
fiancée,fiancee
évident,obvious
gardé,kept
accusé,accused
Annie,Annie
témoins,witnesses
désir,desire
humanité,humanity
amen,Amen
magie,magic
restera,will stay
palais,palace
cirque,circus
cinglé,crazy
conduis,driven
sales,dirty
traces,traces
station,station
construire,to build
joey,Joey
siège,headquarters
Kelly,Kelly
semblait,seemed
vivants,living
voient,see
représente,represented
sombre,dark
lourd,heavy 
lá,the
familles,families
égal,equal
surveille,monitoring
terme,term
gêne,embarrassed
poule,chicken
pére,dad
devraient,should
soif,thirst
haine,hate
Rachel,Rachel
Jason,Jason
surveiller,to watch
ted,ted
marin,marine
procureur,prosecutor
traité,treaty
vivent,live
chansons,songs
souvenez,remember
entière,whole
résultat,results
préparé,prepare
top,top
enchantée,Nice to meet you
gardien,guardian
traite,treaty
avancer,to advance
commun,common
pêche,sin
tien,yours
posé,laid
libérer,release
gamins,kids
taule,jail
retournez,return
médicaments,medications
matériel,material
crâne,skull
région,region
débile,stupid
science,science
délicieux,delicious
privée,private
créature,creature
ho,ho
ed,ED
king,King
liquide,liquid
réglé,rule
gay,gay
apprend,learn
quant,as to
péché,Fishing
répéter,repeat
auprès,with
tâche,task
devine,guess
mener,carry out
vente,sale
plu,enjoyed
joueur,player
modèle,model
aurons,will have
up,up
mensonges,lies
fermez,close
traiter,treat
secteur,sector
soyons,let's be
barre,closed off
appelée,called
projets,projects
roman,novel
veille,standby
étudier,to study
tenue,outfit
physique,physical
passait,passed
concours,competition
jaune,yellow
inconnu,unknown
victor,Victor
vision,vision
black,black
lentement,slowly
surface,surface
dick,dick
com,com
matt,matt
kilomètres,kilometers
baise,fuck
x,X
sers,serve
abandonne,abandoned
vivante,lively
spéciale,special
prof,teacher
poissons,Pisces
bosser,work
cherchais,sought
my,my
empire,empire
cigarettes,cigarettes
amies,friends
aventure,adventure
responsabilité,responsibility
sauve,Safe
devrions,should
lucy,Lucy
atteint,achieved
infirmière,nurse
humeur,mood
descendez,Go down
résultats,results
tenté,tent
baisse,decrease
mn,mn
rare,rare
empreintes,fingerprints
proches,relatives
sauvage,savage
virer,fire
fumée,smoke
lisa,Lisa
engagé,engaged
romantique,romantic
cloche,Bell
brian,brian
magique,magical
chers,Dear
comité,committee
choisis,choose
voila,here
jaloux,jealous
divorce,divorce
lord,lord
données,data
détective,detective
rouges,red
fred,fred
ambulance,ambulance
rentrée,back to school
port,port
anne,Anne
roy,roy
cochon,pig
enfuir,escape
devra,will have to
francisco,Francisco
ménage,housework
roger,Roger
particulier,particular
journaliste,journalist
croix,cross
pareille,likely
royaume,kingdom
disparaître,vanish
jus,juice
comte,county
sainte,holy
soucis,worry
allemagne,Germany
patience,patience
fallu,owl
net,net
suivez,follow
panique,panic
q,q
morceaux,parts
construit,built
crédit,credit
rater,to fail
normale,normal
attendait,was waiting
bye,bye
fromage,cheese
embrasse,kiss
complet,complete
bouffe,food
boutique,shop
seriez,would be
recommencer,restart
scénario,script
jeudi,Thursday
endroits,locations
brûler,burn
nommé,appointed
mardi,tuesday
hall,lobby
réalisé,realized
terry,Terry
passion,passion
enlevé,removed
profond,deep
télévision,television
abruti,fool
réussir,to succeed
répond,respond
red,red
emmené,taken
cadeaux,gifts
remonter,go back up
accompagner,to accompany
johnson,johnson
différente,different
tromper,deceive
pot,jar
lien,link
serpent,snake
imaginez,Imagine
excusez,Excuse
trompé,deceived
cadavre,corpse
bouton,button
cancer,cancer
descend,descend
centaines,hundreds
poussière,dust
piscine,swimming pool
entraînement,coaching
terminée,finished
tapis,carpet
esprits,spirits
phil,phil
inviter,invite
œuvre,work
imagination,imagination
chut,hush
park,park
existence,existence
empereur,emperor
décide,decided
eric,Eric
ascenseur,elevator
criminel,criminal
révolution,revolution
principal,major
terres,lands
charmante,charming
promesse,promise
période,period
craint,fear
croyait,believed
courrier,mail
récemment,recently
écran,screen
anciens,old -fashioned
cris,cries
passes,passes
combattre,combat
réveille,wake up
feront,will do
élevé,raised
têtes,heads
souffre,suffer
quiconque,anyone
malheureux,unfortunate
césar,Caesar
arrives,arrival
empêche,stop
brisé,broken
garage,garage
russie,Russia
Jackson,Jackson
bêtes,beasts
tenter,to attempt
excellente,excellent
passent,pass
ferez,will do
pub,pub
logique,logic
version,version
permet,allow
parte,part
temple,temple
section,section
rythme,rhythm
propriété,property
étrangers,foreigners
finis,finish
erreurs,errors
feriez,would do
propose,offers
examen,exam
nation,nation
approchez,approach
différentes,different
traduction,translation
reconnu,recognized
cap,cap
meurtres,murders
courageux,courageous
profiter,to profit from
juré,sworn
miel,Honey
poil,hair 
rapports,reports
chic,chic
fonds,funds
aimerait,would like
sable,sand
lutte,struggle
fière,proud
is,is
japon,Japan
douze,twelve
labo,lab
ya,ya
agence,agency
cependant,however
indiens,Indian
donnera,will give
restent,remain
ceinture,belt
seins,tits
étonnant,amazing
uns,some
nourrir,to feed
inventé,invented
sérieuse,serious
ment,is lying
pratique,practice
invite,guest
potes,friends
meurtrier,murderer
vegas,vegas
idéal,ideal
maîtresse,mistress
central,central
fume,smoke
équipage,crew
brillant,bright
trouvent,find
crie,calls out
laura,laura
commission,commission
nager,to swim
boit,drinking
bombes,bombs
figure,figure
revolver,revolver
crème,cream
rat,rat
tempête,storm
refaire,remake
née,born
supporte,support
crever,die
conduite,conduct
lci,lci
brown,brown
pure,pure
traitement,treatment
porté,gate
voyait,saw
cabine,cabin
fuite,leak
nationale,national
estomac,stomach
machines,machines
julie,julie
couloir,corridor
emily,Emily
ouah,Wow
bijoux,jewelry
lâcher,let go
acteurs,actors
sentez,feel
couleurs,colors
naturel,natural
travaillait,was working
Wilson,Wilson
incendie,fire
camarades,comrades
chute,fall
accompagne,accompanied
passés,past
médecins,doctors
revenue,revenue
peinture,paint
reconnaître,recognize
dollar,dollar
coupez,cut
prénom,first name
puce,chip
pur,pure
prier,pray
actions,actions
voisin,neighbour
officiers,officers
prévenu,warned
chaude,hot
bains,baths
démon,Devil
pierres,stones
miroir,mirror
forcément,necessarily
lumières,lights
actrice,actress
jouait,played
vérifie,checked
comportement,behaviour
avoue,confession
aient,have
buvez,drink
calmer,calm
amy,Amy
technique,technical
nôtres,ours
obtenu,obtained
autrefois,in the old days
parlera,talk to
Ryan,Ryan
boss,boss
parier,to bet
correct,correct
septembre,september
libres,free
affronter,confront
doué,gifted
appellent,call
repose,rests
conditions,terms
parfum,scent
protège,protected
tasse,cup
pensée,thought
salaire,salary
bagnole,car
infos,info
jolies,pretty
récompense,reward
kim,kim
essayons,let's try
ordinaire,ordinary
jeunesse,youth
musée,museum
bébés,babies
chuck,chuck
plaisantes,pleasant
absence,absence
aiors,Aiors
échappé,escape
fausse,fake
jury,jury
étudiants,students
approcher,approach
espagne,Spain
aprés,after
blonde,blonde hair
condition,condition
race,breed
vend,sells
absurde,absurd
masque,mask
appellerai,will call
pardonner,to forgive
pouvoirs,powers
laissée,left
annoncer,announce
origine,origin
el,el
apprends,learn
poitrine,chest
tape,tape
remis,discarded
couvert,covered
large,wide
prenons,let's take
pressé,press
nu,naked
loup,wolf
urgent,urgent
attente,waiting
bêtises,foolery
appels,calls
mystère,mystery
travailles,work
vélo,bike
vends,sell
armé,armed
réaction,reaction
flotte,fleet
bleue,blue
foot,football
foutez,chatter
virus,virus
oeufs,eggs
élève,student
daniel,Daniel
êtres,beings
vengeance,revenge
stan,stan
essayais,tried
minable,shabby
cérémonie,ceremony
gordon,gordon
uniquement,uniquely
salauds,bastard
alan,alan
froide,cold
helen,helen
portée,scope
disque,disk
attaqué,offensive
résoudre,solve
moche,ugly
scientifique,scientific
colle,glue
lady,lady
maximum,maximum
déclaration,statement
installer,install
blessés,wounded
effort,effort
iras,IRAS
commandement,commandment
panne,breakdown
visiter,to visit
disiez,say
venais,came
pointe,point
moque,mocking
chambres,bedrooms
convaincu,convinced
raisonnable,within reason
aiiez,AIIZ
rencontrés,met
qualité,quality
aimée,beloved
irait,would go
épousé,marry
attitude,attitude
joseph,joseph
esclave,slave
milliards,billion
guide,guide
oeuvre,work
humour,humor
bible,Bible
boule,ball 
sacs,bags
avocats,lawyers
yo,yo
meurent,die
connaissait,knew
union,union
ex,ex
sally,sally
blesser,hurt
taylor,Taylor
maggie,Maggie
perdus,lost
malades,sick
jungle,jungle
jugement,judgement
essai,test
écrivain,writer
digne,worthy
survécu,survived
julia,julia
vérifié,checked
linda,linda
brûlé,burnt
noble,noble
sauté,jumped up
gâcher,spoil
inquiet,worried
enterrement,burial
prenne,take
site,site
engager,engage
rayon,Ray
traîner,hang out
rang,rank
traître,traitor
berlin,Berlin
parlant,speaking
orange,orange
jenny,Jenny
voudras,will want
sentais,Smelt
bourse,stock Exchange
élèves,students
manques,gap
faisaient,were doing
partage,share 
légende,legend
cave,cellar
voleurs,thieves
fruits,fruits
préviens,warn
connaissent,know
venant,from
policiers,policeman
paire,pair
pommes,apples
meilleures,best
cassette,cassette
sommet,Mountain peak
remplacer,replace
objets,objects
idiots,idiots
cage,cage
saurais,would be
limite,limit
ailes,wings
explication,explanation
ô,Ô
bond,jump
floride,Florida
travaillez,Work
carter,housing
conseiller,advise
portait,wore
condamné,sentenced
voyant,seeing
recule,recuis
bénisse,bless
associé,associated
auteur,author
écouté,listen
sorcière,witch
edward,Edward
livrer,deliver
plainte,complaint
réellement,Actually
albert,Albert
adulte,adult
pile,pile
communauté,community
mandat,mandate
éducation,education
ramené,brings back
réponses,responses
bagarre,fight
escalier,stairs
naturellement,naturally
désire,longed for
lignes,lines
incident,incident
kilos,pounds
rats,rats
quinze,fifteen
parties,parts
véhicule,vehicle
wayne,wayne
chasser,hunt
bottes,boots
objectif,objective
patients,patients
suivante,next
respecte,respect
attrapé,caught
junior,junior
colline,hill
professionnel,professional
devoirs,homework
conseils,tips
effets,effects
fichu,darkened
blessure,wound
messages,messages
baby,baby
crimes,crimes
moscou,Moscow
villes,cities
voudra,will want to
moto,motorbike
domaine,domain
organisation,organization
aimable,friendly
forts,strong
eue,eue
exercice,exercise
voyager,travel
arrestation,arrest
fasses,make
pizza,pizza
barbe,beard
french,french
dossiers,files
tunnel,tunnel
voudrez,will want
arrivait,was coming
roses,roses
amiral,admiral
cabinet,cabinet
mére,mother
poursuivre,to chase
forcé,strength
huile,oil
grosses,big
ranger,tidy
furieux,furious
vivait,lived
aidera,will help
géant,giant
tim,Tim
tours,towers
retire,took of
vote,vote
autorisation,permission
risqué,risk
hitler,Hitler
rond,round
show,show
territoire,territory
venger,revenge
exprès,on purpose
tuerai,will kill
anges,angels
classique,classic
soutien,support
rentres,return
tokyo,Tokyo
proposition,proposal
love,love
tests,tests
pétrole,oil
réaliser,achieve
sortira,will come out
soirs,evenings
ministère,ministry
magazine,magazine
verres,glasses
échec,failure
vieilles,old
pourrions,could
bol,bowl
plaire,to please
miller,miller
respecter,respect
cons,cons
golf,golf
bibliothèque,library
attirer,to attract
drapeau,flag
possède,possesses
production,production
conférence,conference
efforts,efforts
pere,dad
putains,whores
précieux,precious
religion,religion
rêver,dream
épreuve,test
retenir,to hold onto
football,soccer
Frankie,Frankie
échoué,failed
pisser,piss
Barry,Barry
sortes,sort of
circonstances,circumstances
kong,kong
mignonne,cute
excellence,Excellency
auto,car
do,do
vague,vague
arrêtes,stops
nôtre,our
vallée,valley
Morgan,Morgan
enterré,buried
tandis,while
duc,duke
pêre,dad
assassiné,murdered
ooo,ooo
charme,charm
quart,quarter
arrangé,arranged
guitare,guitar
remplir,to fill
Sophie,Sophie
crève,buzzer
Jesse,Jesse
Bruce,Bruce
Sara,Sara
refuser,to refuse
donnent,give
Luke,Luke
taper,type
critique,critical
secrète,secret
terminer,to end
hauteur,height
comédie,comedy
cimetière,graveyard
baisé,fucked
cardiaque,heart
Catherine,Catherine
chiffres,figures
fêter,to celebrate
trouverez,will find
indien,Indian
altesse,highness
occupée,busy
intelligente,intelligent
culture,culture
deviner,to guess
géniale,brilliant
limites,limits
Nancy,Nancy
précis,accurate
éternité,eternity
ball,ball
plateau,plateau
prises,taken
viendrai,will come
rempli,completed
clairement,clearly
intérêts,interests
langage,speech
aides,aid
feux,fires
Betty,Betty
copie,copy
profondément,deeply
fâché,angry
incapable,unable
mercredi,Wednesday
souffrance,suffering
avouer,confess
mile,mile
posez,Place
lion,lion
ali,Ali
soigner,cure
fenêtres,Windows
pue,stinking
électrique,electric
italien,Italian
traversé,crossed
réception,reception
énerve,irritated
rentrons,Let's go back
couvrir,cover
fonce,dark
Harvey,Harvey
Kyle,Kyle
produits,products
loyer,rent
grace,grace
bleus,blue
assistant,assistant
cervelle,brain
trente,thirty
yeah,Yeah
saches,know
national,national
avenue,avenue
evidemment,obviously
reçois,receive
cité,cited
liaison,connection
prouve,prove
collier,necklace
aprês,after
séance,session
placard,cupboard
criminels,criminals
irais,go
riz,rice
sandwich,sandwich
boston,Boston
parlerai,will speak
places,places
stade,stadium
gagnant,winner
moral,moral
tendre,tender
fleuve,River
mêre,mother
stanley,Stanley
trouvait,found
auparavant,previously
personnellement,personally
fièvre,fever
champs,fields
tuera,will kill
chatte,cat
actes,acts
restait,remained
amant,lover
concernant,re
las,the ace
ferons,will do
cherchent,they search
tenait,held
exécution,execution
ann,Ann
lou,lou
pédé,fag
prière,pray
hélas,Alas
sortent,come out
bateaux,boats
allaient,were going
durer,last
assise,seated
alarme,alarm
commencez,start
furent,were
prenait,taking
brad,brad
entièrement,entirely
médecine,medicine
juillet,July
sortis,out
sensible,sensitive
poudre,powder
finale,final
plais,pleasant
durs,hard
discussion,discussion
séparer,to separate
esclaves,slaves
instructions,instructions
beurre,butter
documents,documents
taré,tare
rick,rick
détail,detail
baron,baron
mettent,put
congrès,Congress
épaule,shoulder
poison,poison
final,final
métro,subway
attendrai,will wait
serment,oath
chan,chan
pardonne,forgiven
espagnol,Spanish
supérieur,superior
w,W
degrés,degrees
rires,laughter
west,West
parker,parker
tuez,kill
œufs,eggs
fiancé,fiance
nerfs,nerves
portefeuille,wallet
robot,robot
internet,Internet
expert,expert
hank,hank
surveillance,surveillance
foutue,fucked up
rita,rita
réalisateur,director
entraîner,lead
martha,martha
descendu,descended
patrick,patrick
comté,county
congé,leave
finira,will end
caméras,cameras
sauce,sauce
balance,balance
destruction,destruction
moderne,modern
Carlos,Carlos
extrêmement,extremely
âmes,souls
expression,expression
marchera,will walk
commerce,trade
ivre,drunk
salopard,bastard
appétit,appetite
dette,debt
all,all
promener,to walk
employés,employees
admettre,admit
producteur,producer
attendons,let's wait
quittez,leave
brise,broken
wow,wow
juin,June
chats,cats
remets,put back
ajouter,to add
couler,to flow
Pasteur,Pastor
alliez,combine
portrait,portrait
heu,uu
by,by
lancé,spear
diamants,diamonds
donnée,given
avantage,advantage
fidèle,faithful
juger,judge
renseignements,information
gang,gang
loué,rented
réseau,network
ouverture,opening
travaux,works
poussé,pushed
division,division
invitation,invitation
repartir,divide
trous,holes
rappelez,recall
totale,total
solide,solid
réservé,Reserve
Willie,Willie
autorité,authority
fermée,closed
munitions,ammunition
neveu,nephew
diras,will say
téléphoner,call
briser,to break
siècles,centuries
nerveuse,nervous
bonbons,candy
blé,wheat
pourri,rotten
puits,well
fantômes,ghosts
termine,ended
monstres,monsters
écraser,to crush
espérons,hope
bétail,cattle
miens,mine
changera,will change
adultes,adults
restée,remained
total,total
fierté,pride
pari,bet
sein,breast
cessez,stop
Elizabeth,Elizabeth
exige,required
étudiant,student
Jackie,Jackie
démarre,started
lâchez,let go
Marty,Marty
passons,Let's go
vic,vic
semblez,appear
gérer,to manage
électricité,electricity
invitée,guest
injuste,unfair
désirez,wish
lampe,lamp
normalement,normally
causer,cause
dalle,slab
mondiale,global
comptez,count
rouler,to roll
filmer,film
rapporte,report
sourd,deaf
trouveras,will find
alliance,alliance
convient,agrees
rage,rage
habitants,inhabitants
Mamie,Granny
nuages,clouds
hmm,Hmm
trahi,betrayed
biens,goods
Lewis,Lewis
tournage,filming
créatures,creatures
militaires,military
blessures,wounds
barbara,barbara
Louise,Louise
règlement,settlement
grant,grant
étudié,studied
courez,run
habiller,dress
soeurs,sisters
soins,care
célibataire,single
veuve,widow
Canada,Canada
dépêche,dispatch
progrès,progress
dégoûtant,disgusting
fan,fan
matière,matter
avril,april
molly,molly
cercle,circle
Davis,Davis
nucléaire,nuclear
pervers,pervert
échelle,ladder
adorer,love
trouvais,found
orchestre,orchestra
déposer,to file
cadavres,corpses
échappe,escape
emprunter,to borrow
exprimer,Express
caractère,temper
libéré,released
signes,signs
fêtes,holidays
vedette,star
lisez,read
commençons,Let's start
robin,Robin
généreux,generous
méchants,bad guys
formation,training
bâton,stick
timide,shy
gentils,friendly
premières,first
passagers,passengers
immense,immense
serviette,towel
mangez,eat
diriger,to manage
passant,passing
Ruth,Ruth
min,min
préférée,favorite
perdez,lose
plaque,plaque
espion,spy
connue,known
eaux,waters
deviennent,become
emporter,carry
Gary,Gary
cruel,cruel
citoyens,citizens
von,von
tension,tension
ranch,ranch
Karen,Karen
business,business
your,your
organiser,arrange
étonne,surprised
terroristes,terrorists
that,that
micro,microphone
ordure,junk
léger,light
température,temperature
unités,units
populaire,popular
joueurs,players
beth,beth
vincent,Vincent
voies,tracks
regardais,looked
saloperie,bastard
traverse,crossing
intelligence,intelligence
expériences,experiences
Miami,Miami
opérations,operations
santa,santa
arrange,arrangement
dragon,dragon
sûrs,safe
enterrer,bury
pouviez,could
craindre,to fear
mortel,deadly
issue,outcome
demeure,remains
mouche,fly 
donna,donna
octobre,october
commandé,order
passeport,passport
dés,of the
couronne,crown
oublierai,will forget
accusation,charge
procédure,procedure
rendez,go to
objection,objection
retourné,return
relax,Relax
publique,public
appart,apartment
imagines,imagines
jouent,are playing
inde,India
travaillent,working
essaies,try
Lincoln,Lincoln
psy,psyche
Vince,Vince
manuel,manual
étranges,strange
apres,after
nombreuses,many
crainte,fear
fit,fit
asile,asylum
cherchait,was looking for
branche,plugged
groupes,groups
white,White
hop,hop
tradition,tradition
sel,salt
centrale,central
déçu,disappointed
tentative,attempt
négatif,negative
autorités,authorities
buter,abut
connerie,bullshit
proposé,offers
manières,manners
plaindre,complain
employé,employee
blessée,injured
influence,influence
forcer,force
bonté,goodness
Marcus,Marcus
CIA,CIA
sauvages,wild
personnelle,personal
couvre,coverage
coucou,Hello
audience,audience
out,out
savaient,knew
entretien,maintenance
bouffer,eat
ouai,yeah
impressionnant,impressive
acier,steel
renvoyer,dismiss
salade,salad
collègues,colleagues
chefs,chiefs
guérir,heal
entendue,heard
sœurs,sisters
êtait,was
semblent,seem
participer,to participate
coule,flow
dépasse,outrun
réunis,gathered
plairait,would please
enlevez,remove
trompes,trunk
résister,resist
technologie,technology
patrie,country
conséquences,consequences
Margaret,Margaret
cousine,cousin
habits,clothes
splendide,splendid
Ross,Ross
pipe,pipe
abattu,beaten down
cran,gut
nue,naked
tuyau,pipe 
accueillir,welcome
découverte,discovery
arracher,to tear out
régime,regime
reçoit,receive
album,album
levez,lift
piqué,dive
original,original
remise,delivery
allume,alight
promotion,promotion
juan,Juan
examiner,examine
franc,franc
filé,thread
éteint,off
canapé,sofa
commander,order
dessin,drawing
guère,hardly
interroger,question
oscar,Oscar
paraître,appear
découvre,discover
département,department
vise,target
obéir,to obey
renforts,reinforcements
lily,lily
événements,events
innocents,innocent
ç,vs
organisé,organized
sain,healthy
devras,must
reprends,resume
goutte,drop
cole,cole
souffert,suffer
excitant,exciting
façons,manners
saurai,will be
charlotte,charlotte
sou,soup
réveil,awakening
ken,Ken
benny,benny
usa,USA
volée,stolen
préférerais,would prefer
suprême,supreme
tarte,tart
changent,change
revienne,come back
solitaire,lonely
cravate,tie
rocky,rocky
vérifiez,check
ose,dare
souper,supper
événement,event
remarque,remark
chevalier,knight
suffisamment,enough
charger,load
produire,produce
repris,taken back
record,record
carol,carol
williams,Williams
jo,joy
préparez,prepare
garce,bitch
mêle,mix
étape,stage
motel,motel
pro,pro
autorisé,authorized
principale,main
clinique,clinical
devenus,become
italie,Italy
intéressante,interesting
jonathan,Jonathan
abattre,tear down
ère,time
invisible,invisible
dégâts,damage
clark,Clark
élever,raise
suggère,suggest
rigole,laugh
dent,tooth
éclater,to burst
tabac,tobacco
disques,discs
manquait,lacked
contacter,contact
valait,was worth
fusils,rifles
émotions,emotions
queje,that I
publicité,advertising
simples,simple
éléments,elements
exception,exception
sincère,sincere
rattraper,catch up
efficace,efficient
éteindre,switch off
linge,laundry
goûter,to taste
nathan,Nathan
possibilité,possibility
canard,duck
marqué,Mark
caporal,corporal
déplacer,move
devrez,will have to
morale,moral
insiste,insistant
katie,katie
parking,car park
identifier,identify
pouvaient,could
personnages,characters
cabane,hut
intéressé,interested
stylo,pen
adoré,adored
attaché,attached
cri,shout
kg,kg
angle,angle
séparés,separated
traîne,dragged
instinct,instinct
déclaré,declared
sire,sire
pleut,ray
séjour,stay
ordures,garbage
Raymond,Raymond
délire,delirium
pires,worse
rumeurs,rumors
fauteuil,armchair
coûté,cost
adjoint,assistant
Stephen,Stephen
collègue,coworker
one,One One
poches,pockets
novembre,november
illégal,illegal
restons,stay
bonhomme,fellow
appuie,support
difficiles,difficult
laissera,will leave
courte,short
lâ,the
tuent,kill
lot,batch
levé,survey
seules,only
vivez,live
personnalité,personality
leo,leo
scandale,scandal
conclu,concluded
frigo,fridge
admire,admire
aïe,Ouch
tragédie,tragedy
oblige,obligatory
commandes,orders
pénis,penis
boue,mud
dettes,debts
enseigne,taught
obscurité,darkness
pages,pages
chapitre,chapter
violent,violent
signature,signature
conseille,advisor
vendeur,seller
visages,faces
rarement,rarely
essayait,was trying
serré,tight
mères,mothers
tels,such
halte,stop
collection,collection
désastre,disaster
noix,nut
mourra,will die
rejoins,join
reconnaissance,acknowledgement
blagues,jokes
duke,Duke
méthode,method
bienvenu,welcome
donnait,gave
gratuit,free
boîtes,boxes
marches,steps
Brooklyn,Brooklyn
valises,suitcases
enfermé,shut in
gants,gloves
rompu,broken
coïncidence,coincidence
vilain,naughty
poing,fist
britannique,British
dispute,dispute
trahison,treason
téléphoné,telephone
août,august
feuilles,leaves
quatrième,fourth
révérend,reverend
censée,supposed
devaient,were to
placé,square
ténèbres,darkness
enfui,fled
impliqué,involved
vire,fired
pilules,pills
préfères,prefers
for,for
population,population
manges,eating
pleuré,cry
chasseur,hunter
livraison,delivery
reprend,resumes
emporte,take away
louer,to rent out
mette,put
bizarres,bizarre
torture,torture
remarquable,outstanding
termes,terms
journalistes,journalists
honnêtement,honestly
câble,cable
longs,long
estime,valued
démons,demons
impôts,taxes
massacre,massacre
pomme,apple
autoroute,motorway
sociale,social
moyenne,mean
ingénieur,engineer
doug,Doug
péchés,signs
laissent,leave
tarder,delay
divine,Divine
éloigner,remove
clan,clan
obligée,compulsory
xena,Xena
merveille,wonder
concentrer,focus
venons,let's come
opéra,opera
oxygène,oxygen
sexuel,sexual
industrie,industry
aimerai,would like
z,Z
sortons,let's go out
accent,accent
lawrence,Lawrence
gris,Grey
sean,sean
mesures,measures
batterie,battery
toast,toast
postes,stations
communication,communication
manche,sleeve
grandir,growing up
banques,banks
tonnes,tons
gentleman,gentleman
zut,Damn
numéros,numbers
officiel,official
chariot,cart
otages,hostages
prime,prime
poésie,poetry
annuler,to cancel
jersey,Jersey
chagrin,sorrow
ellen,Ellen
déconne,disconnect
fabuleux,fabulous
dennis,Dennis
complexe,complex
trafic,traffic
trouille,funk
us,US
débrouiller,get off
commencent,begin
cinquante,fifty
vraies,real
discute,discuss
communiste,Communist
francs,francs
sacrifice,sacrifice
française,French
foie,liver
statue,statue
résistance,resistance
mettra,will put
volontiers,gladly
drogues,drugs
cercueil,coffin
pendu,hanged
ignorer,ignore
tireur,shooter
eut,had
piquer,sting
creuser,to dig
médaille,medal
crée,creates
équipement,equipment
phase,phase
chaos,chaos
salue,salute
survie,survival
défi,challenge
trouvés,found
rencontrée,met
boum,boom
longues,long
telles,such as
arriverai,will arrive
gâché,spoils
harris,Harris
brigade,brigade
fiers,proud
ennuyeux,boring
cieux,heavens
contient,contains
aile,wing
oignons,onions
vaches,cows
sensation,sensation
chanceux,fortunate
angela,Angela
gamine,kid
cooper,cooper
cessé,stopped
tina,tina
ressemblait,looked like
plante,plant
scènes,scenes
solitude,solitude
activité,activity
mobile,mobile
principe,principle
rejoint,join
économie,economy
armés,armed
plastique,plastic
regardent,look
chant,song
verte,green
couru,ran
regardait,looked at
ford,Ford
besoins,needs
terroriste,terrorist
assister,to assist
bail,lease
roue,wheel
putes,whores
sachez,know
harold,Harold
amenez,amenez
génération,generation
causé,cause
entraîneur,coach
rigoles,channels
amanda,Amanda
présenté,present
trompez,cheat
mordu,bitten
vampire,vampire
jacques,Jacques
fans,fans
bourré,drunk
éliminer,eliminate
enfoirés,bidded
freddy,Freddy
bloc,block
pourvu,provided
décisions,decisions
eve,Eve
jacob,jacob
symbole,symbol
croirait,would believe
sagesse,wisdom
politiques,policies
taux,rate
nègre,Negro
jetez,throw away
malédiction,curse
masse,mass
phrase,phrasing
pompes,pumps
reconnaissant,grateful
pension,pension
renoncer,to renouncer
sexuelle,sexual
regardant,looking
ordonne,ordered
four,oven
règne,reign
saut,jump
terreur,terror
avaler,swallow
ongles,nail
pratiquement,practically
laissons,Let us leave
jalouse,jealous
outils,tools
espérer,to hope
tueurs,killers
terriblement,terribly
charité,charity
prêtes,ready
écriture,writing
oublies,forget
adorent,love
etje,and I
luxe,luxury
irez,go on
ambassadeur,ambassador
bush,bush
arrêtera,will stop
informer,inform
orage,thunderstorm
revenus,income
pisse,piss
renvoyé,fired
sachant,knowing
tombes,fallen down
rois,kings
époux,husband
accueil,welcome
relève,succession
judy,Judy
aidez,Help
môme,kid
diego,diego
atmosphère,atmosphere
routes,roads
ravissante,ravishing
coach,coach
ennui,boredom
suffisant,sufficient
poème,poem
jouets,toys
jennifer,Jennifer
usage,use
prières,prayers
revue,review
adaptation,adaptation
suffira,will suffice
collège,middle School
singes,monkeys
otage,hostage
apprécier,enjoy
diplôme,diploma
bâtard,bastard
destination,destination
analyse,to analyse
caroline,caroline
demandent,request
décembre,december
côtes,ribs
casier,locker
fermes,farms
patrouille,patrol
royal,royal
tit,tit
mérites,merits
texte,text
jusque,until
tigre,tiger
çà,that
be,be
médical,medical
ieur,ire
svp,please
ron,ron
pouce,inch
plaisantez,joke
requin,shark
essentiel,essential
espèces,species
fruit,fruit
came,cam
cesser,to cease
allen,Allen
teddy,teddy
annulé,canceled
dangereuse,dangerous
poète,poet
nanas,nanas
tiendra,will hold
emmenez,take
passerai,will pass
automne,fall
habillé,dressed
guerrier,warrior
pique,spike
savon,soap
satisfait,satisfied
sépare,separate
agi,act
ordonné,ordered
serre,tight
neil,neil
cassée,broken
deviez,had to
arts,arts
ramasser,pick up
anthony,anthony
baisser,to lower
pirates,pirates
avertir,to warn
menacé,threatens
so,SO
détendre,loosen
rembourser,to reimburse
fabrique,made
métal,metal
expliqué,Explain
lecture,reading
josh,josh
attire,attracted
carrément,downright
irons,irons
mere,mother
combats,fighting
pensons,Think
mélange,mixed
travaillais,work
syndicat,union
queique,asic
indice,index
marines,navy
enverrai,will send
hill,hill
processus,process
joint,seal
ouvriers,workers
marques,brands
dépassé,outmoded
pa,pa
ailles,wounds
bats,bats
pourront,may
clown,clown
poubelle,trash can
marins,sailors
boisson,beverage
vaincre,overcome
combinaison,combination
demandait,asked
testament,will
sonné,wounded
flammes,flames
dégueulasse,disgusting
ø,Ø
administration,administration
commissariat,police station
envoyée,envoy
green,green
dépose,deposit
lâché,cowardly
réveillée,awake
épaules,shoulders
jay,jay
artistes,artists
culotte,cheeky
vides,empty
er,er
énormément,enormously
team,team
quittes,quit
accuse,accused
magicien,Wizard
importants,important
direz,you will say
fouiller,to frisk
paierai,will pay
écoles,schools
cm,cm
reverra,will see again
articles,items
trône,throne
laboratoire,laboratory
Andrew,Andrew
panier,basket
endormi,sleeping
lave,wash
buddy,Buddy
cuir,leather
huh,huh
foutus,damn
resterai,will remain
cendres,ashes
stone,stone
environnement,environment
rumeur,rumor
interrompre,interrupt
vaudrait,would be worth
matinée,morning
risquer,risk
tranquilles,quiet
earl,earl
transformer,transform
planté,plant
costumes,costumes
mickey,Mickey
machin,thing
transport,transportation
señor,señor
indique,noted
citoyen,citizen
aurions,will have
times,Times
viol,rape
particulièrement,particularly
pourrons,can
shirt,shirt
connards,assholes
casino,casino
douter,doubt
pendre,hang
essaierai,will try
accomplir,accomplish
pipi,Pee
allumer,to light up
reviennent,come back
certes,certainly
dessert,dessert
curiosité,curiosity
fraîche,fresh
lié,related
maurice,Mauritius
little,Little
disaient,said
vodka,vodka
pétrin,kneaded
témoignage,testimony
déclare,declared
scientifiques,scientists
coco,coconut
baissez,lower
Anderson,Anderson
censés,supposed
Kansas,Kansas
boules,balls
sauras,sauest
éclair,flash
vain,vain
nuage,cloud
création,creation
anneau,ring
fumier,manure
rio,rio
dose,dose
profonde,deep
étude,study
atelier,workshop
cuisiner,to cook
vaux,vaux
malheureuse,unhappy
catholique,Catholic
zoo,zoo
précisément,precisely
talents,talents
activités,activities
importantes,important
bouteilles,bottles
vomir,To vomit
tonnerre,thunder
ned,ned
assuré,insured
plantes,plants
hong,Hong
destinée,destiny
plaisanterie,joke
circuit,circuit
piges,rods
Moore,Moore
observer,observe
mines,mines
peindre,to paint
porno,porn
comtesse,countess
casque,helmet
rate,missed
coûter,cost
chacune,each
Jamie,Jamie
parent,parent
dépression,depression
télégramme,telegram
élu,elected
stupides,stupid
pensiez,think
partant,go by
cash,cash
profite,take advantage
caution,bail
serrer,to squeeze
maudite,cursed
intéresser,to interest
écart,difference
inquiètes,worried
oú,Where
évidence,evidence
leçons,lessons
connus,known
etc,etc
retiré,took of
Greg,Greg
rendent,make
volontaire,voluntary
nid,nest
Oliver,Oliver
he,Hey
prêter,lend
nichons,tits
capitale,capital city
témoigner,bear witness
équipes,teams
égoïste,self-centered
partent,leave
troupe,troop
sincèrement,sincerely
regretter,to regret
responsabilités,responsibilities
associés,associates
cigare,cigar
dean,dean
partirai,will leave
adversaire,opponent
générale,general
misère,misery
vampires,vampires
grève,strike
Nina,Nina
suisse,Swiss
gâteaux,cakes
diamant,diamond
catastrophe,disaster
meubles,furniture
gus,gus
voyages,trips
subir,undergo
balade,stroll
allah,Allah
mêler,mix
signez,sign
enveloppe,envelope
ressenti,feeling
führer,führer
gras,bold
arrêtée,arrested
explose,explode
range,tidy
interview,interview
tombent,fall
confier,entrust
voile,sail
fiches,cards
embête,annuity
caravane,caravan
affection,affection
Manhattan,Manhattan
éléphant,elephant
blue,Blue
vagues,waves
pleins,full
fascinant,fascinating
doutais,doubt
effrayant,scary
commercial,commercial
rapporter,report
fonction,function
fixe,fixed
arrete,stopped
pères,fathers
circulation,traffic
tennis,tennis
Marc,Marc
navrée,heartbroken
civilisation,civilization
fameux,famous
retenu,retained
moutons,sheep
draps,sheets
servent,serve
jouais,played
éternelle,eternal
couches,layers
satellite,satellite
ramasse,picked up
endormir,put to sleep
fillette,girl
rendra,will return
sujets,topics
remède,remedy
portez,wear
enseigner,teach
observe,observed
ouverts,open
vues,views
sortait,was going out
passais,passed
ris,laugh
transfert,transfer
bidon,can
météo,weather report
explosé,exploded
loyauté,loyalty
dignité,dignity
planche,plank
améliorer,to improve
hélicoptère,helicopter
civil,civil
liens,connections
vif,vivid
maintenir,maintain
Craig,Craig
Vietnam,Vietnam
Claude,Claude
pacifique,peaceful
fringues,clothes
demie,a half
onze,eleven
we,we
mangent,eat
connaissiez,knew
rares,rare
naturelle,natural
sue,sue
ricky,ricky
assaut,assault
fâchée,angry
portent,carry
kay,kay
karl,karl
pareils,the same
légal,legal
tracy,tracy
eus,eus
pr,pr
civils,civilians
inconnue,unknown
eva,Eva
disparition,disappearance
nicky,nicky
steven,Steven
pompe,pump
méchante,naughty
lancement,launch
quartiers,neighborhoods
douceur,candy
tendu,tense
feuille,sheet
stuart,Stuart
leader,leader
pilotes,pilots
ètait,was
mâle,male
tenais,held
royale,royal
cordes,ropes
arrivez,arrive
bandes,bands
promenade,ride
magnifiques,magnificent
emma,Emma
wallace,wallace
veronica,Veronica
tv,TV
adn,DNA
monseigneur,My lord
meure,detection
airs,tune
emmenée,taken
actuellement,currently
peste,plague
Antonio,Antonio
tragique,tragic
médias,media
antenne,antenna
avertissement,Warning
brille,shines
Pedro,Pedro
conflit,conflict
pompiers,firefighters
engin,machine
douée,gifted
oublions,forget
plains,plains
systèmes,systems
foire,fair
Sonny,Sonny
patiente,patient
coincée,stuck
canons,cannons
partira,will leave
soutenir,sustain
beach,beach
poussez,PUSH
saigne,bleeding
toc,knock
construction,construction
boucher,butcher
missiles,missiles
compétition,competition
buvons,let's drink
motif,pattern
ambassade,embassy
warren,warren
régiment,regiment
remarquer,to remark
enregistré,checked in
collins,collins
enregistrement,registration
doutes,doubts
sien,his
profit,profit
sammy,sammy
audition,hearing
lame,blade
opportunité,opportunity
scotch,Scotch
imaginé,conceived
coke,coke
existent,exist
budget,budget
pearl,pearl
basse,low
selle,saddle
déja,already
historique,historical
officiellement,officially
effacer,wipe off
loge,lodge
francis,francis
décrire,describe
osé,daring
éternel,eternal
serpents,snakes
demanderai,will ask
médicament,medication
deviné,guess
armées,armies
promesses,promises
chaînes,chains
sentait,felt
association,association
viennes,viennes
quai,platform
poker,poker
saleté,dirt
sandy,sandy
ã,has
irak,Iraq
commences,outburst
crevé,outstanding
cuba,Cuba
wendy,Wendy
profil,profile
travis,twist
tache,stain
viendront,will come
étudie,studied
apportez,bring
tribu,tribe
crié,calls out
entraîne,lead
héroïne,heroin
changements,changes
joan,joan
correctement,properly
essaient,try
mouvements,movements
atterrir,to land
formes,shapes
coca,Coca
fragile,brittle
poignée,handle
cadre,frame
genou,knee
conçu,designed
revu,saw again
légitime,legit
sauvée,saved
déménager,to relocate
conne,stupid
dentiste,dentist
aiier,aier
ondes,waves
ralph,ralph
mené,led
discipline,discipline
évacuer,clear out
parié,betrayed
bières,beers
arabe,Arab
Russell,Russell
identifié,identified
recevez,receive
cachée,hidden
évite,avoid
dormais,dreamed
utilisez,use
décès,death
guy,guy
get,Get
demoiselle,lady
fui,fled
ressemblent,look alike
misérable,wretched
fatigue,fatigue
ancêtres,ancestors
camions,truck
dormez,sleep
pan,bang
duré,hard
disponible,available
vôtres,yours
cuit,cooked
marchait,was walking
nage,swimming
come,come
suspects,suspect
menottes,handcuffs
nique,nique
panneau,sign
rit,laugh
pognon,cash
illusion,illusion
menu,menu
Ronnie,Ronnie
établir,establish
mettons,let's put
retrouvée,found
sabre,saber
André,André
épuisé,exhausted
restés,remains
continues,continuous
chanteur,singer
kid,kid
lola,lola
prés,close
tendance,tendency
souvient,Remember
enfermer,enclose
thérapie,therapy
vaisselle,dishes
tournez,turn
accorde,granted
chemins,paths
troupeau,herd
saluer,greet
uh,UH
Kennedy,Kennedy
nettoie,clean
assiette,plate
discuté,discussed
touches,keys
impact,impact
dessins,drawings
rompre,to break up
suivent,follow
sienne,his
verrons,will see
angoisse,anguish
états,states
vivons,let's live
Mitchell,Mitchell
écrasé,crushed
tiennent,hold
pape,Pope
connaissons,let's know
Murphy,Murphy
Ivan,Ivan
supposé,Assumed
colonne,column
assistante,assistant
mettrai,will put
maquillage,makeup
ticket,ticket
réussite,success
quête,quest
boxe,boxing
proposer,to propose
boutons,buttons
arriverait,would arrive
assassins,assassins
répétition,repetition
agissait,acted
culpabilité,guilt
pirate,pirate
blanches,white
brésil,Brazil
penny,penny
maîtres,masters
psychiatre,psychiatrist
miracles,miracles
hello,Hello
honorable,honorable
collines,Hills
vachement,really
taureau,bull
considère,considered
âne,donkey
whoa,whoa
comprennent,understand
Christian,Christian
Justin,Justin
méthodes,methods
canal,channel
navette,shuttle bus
Tyler,Tyler
légère,light
sortant,outgoing
chaussettes,socks
revanche,revenge
remet,put back
mentez,lie
bud,bud
Abby,Abby
poils,fur
placer,to place
absent,absent
arrivais,arrived
escaliers,stairs
funérailles,funeral
routine,routine
noté,note
prenais,took
conducteur,driver
subi,suffered
photographe,photographer
noires,black
marchandise,merchandise
prendrais,would take
émotion,emotion
défaut,default
satan,Satan
occuperai,will occupy
dog,dog
mystérieux,mysterious
carmen,carmen
possession,possession
responsables,managers
raccroche,hang up
intentions,intentions
minimum,minimum
négocier,to negotiate
janvier,January
baraque,barrack
batte,bat
irlandais,Irish
filet,net
confortable,comfortable
fermés,closed
ressources,resources
rayons,rays
innocente,innocent
Harvard,Harvard
expédition,dispatch
may,May
profession,occupation
plaira,will please
bêtise,stupidity
restant,remaining
jugé,judge
Mitch,Mitch
organise,organized
rappelé,recalled
puissante,powerful
pertes,losses
saurait,would know
planque,hideout
ressentir,to feel
grotte,cave
gentiment,kindly
péter,to fart
chienne,female dog
tristesse,sadness
héritage,legacy
occupera,will occupy
Benjamin,Youngest
Antoine,Antoine
bloqué,blocked
punition,punishment
constamment,constantly
contents,happy
visites,visits
infiniment,infinitely
effectivement,effectively
chiffre,figure
conscient,aware
manager,manager
représentant,representing
anglaise,English
cauchemars,nightmares
Jan,Jan
continué,keep on going
réduit,reduced
gré,grateful
filmé,filmed
stars,stars
Owen,Owen
embrassé,embraced
peint,painted
reparti,disturb
soie,silk
Lloyd,Lloyd
voisine,neighbor
douzaine,dozen
frankenstein,Frankenstein
attaques,attacks
gênant,annoying
superman,superman
arrivant,arrival
brillante,brilliant
atterrissage,landing
attendra,will wait
allure,pace
pénible,hard
faibles,weak
clef,key
Bruno,Bruno
Christine,Christine
Rebecca,Rebecca
bang,bang
pété,farty
gardiens,guards
formule,formula
soda,soda
frites,fries
fées,fairies
angel,angel
mm,mm
aperçu,Overview
imaginais,imagined
aussitôt,right away
énormes,huge
wade,wade
choisit,choose
montée,climb
baignoire,bathtub
principes,principles
homo,homo
marchand,merchant
cochons,pigs
spécialiste,specialist
repéré,spotted
récupéré,recovered
extra,extra
éclate,bursts
survivants,survivors
auquel,to which
apparence,appearance
sucer,suck
habiter,to live in
excité,excited
Houston,Houston
jules,Jules
foudre,lightning
chasseurs,hunters
walker,walker
with,with
nièce,niece
urgences,emergency room
mérité,deserved
dépensé,spent
boys,boys
saisir,to input
équilibre,balance
allumé,alight
lâches,cowardly
bruits,noise
protégé,protected
résolu,resolved
probable,likely
poursuite,pursuit
baker,baker
résidence,residence
cognac,cognac
Clyde,Clyde
muscles,muscles
passées,past
intime,respondent
république,Republic
serviteur,servant
noyer,walnut
mortes,dead
trompée,deceived
morgue,morgue
cherchons,let's look
coma,coma
capables,capable
berger,shepherd
apprendra,will learn
amateur,amateur
dises,say
vertu,virtue
permets,allow
mafia,mafia
engagement,commitment
lesquelles,which
cachette,hiding place